,FILE_NAME,STATES,INPUTS,LSTAR_MQ_SYM,LSTAR_MQ_RST,LSTAR_EQ_SYM,LSTAR_EQ_RST,LSTAR_TOTAL_SYM,LSTAR_TOTAL_RST,LSTAR_EQs,LSTAR_MQs,CLSTAR_MQ_SYM,CLSTAR_MQ_RST,CLSTAR_EQ_SYM,CLSTAR_EQ_RST,CLSTAR_TOTAL_SYM,CLSTAR_TOTAL_RST,CLSTAR_EQs,CLSTAR_COMPONENTS,CLSTAR_ROUNDS,CLSTAR_MQs,CACHE
0,1,149,11,5061325,66756,75626,503,5136951,67259,3,72944,53773477,676272,3105223,20695,56878700,696967,145,3,10,898206,True
1,2,149,11,2701191,40482,74705,501,2775896,40983,2,44234,57771609,697142,3249090,21660,61020699,718802,162,3,11,915802,True
2,3,149,11,4054501,59357,76778,509,4131279,59866,3,64859,47666351,602393,2953238,19672,50619589,622065,140,3,10,817228,True
3,4,173,11,5066166,68870,74968,502,5141134,69372,3,75254,47738434,600513,2951961,19641,50690395,620154,142,3,10,825851,True
4,5,173,11,6488544,89406,79330,515,6567874,89921,4,97694,53238654,669898,3782167,25201,57020821,695099,169,3,12,919524,True
5,6,173,11,4949278,68115,75604,502,5024882,68617,3,74429,64930056,779877,3795064,25240,68725120,805117,175,3,12,1041590,True
6,7,117,17,110126,18224,75106,500,185232,18724,1,19295,5463537,87701,5034624,33618,10498161,121319,200,3,14,108434,True
7,8,117,17,110126,18224,75071,500,185197,18724,1,19295,3483674,74555,5263515,35103,8747189,109658,197,3,14,91162,True
8,9,117,17,110126,18224,74288,500,184414,18724,1,19295,11656421,165134,4976438,33132,16632859,198266,207,3,14,196435,True
9,10,135,17,6138921,79623,75680,501,6214601,80124,2,84321,11496669,182590,4439357,29615,15936026,212205,195,3,13,212255,True
10,11,135,17,4064326,68948,74792,501,4139118,69449,2,73016,22464737,298646,5501420,36662,27966157,335308,225,3,14,351375,True
11,12,135,17,4064631,68948,74447,501,4139078,69449,2,73016,13434815,193266,4443406,29614,17878221,222880,195,3,13,224271,True
12,13,216,19,11638684,175152,76155,504,11714839,175656,3,184436,39016943,524273,6931006,46179,45947949,570452,289,3,17,605103,True
13,14,216,19,3771676,94642,75404,501,3847080,95143,2,99658,53718882,716772,6256507,41731,59975389,758503,286,3,17,819517,True
14,15,216,19,12916950,184697,74686,504,12991636,185201,3,194487,46513355,587087,6407098,42691,52920453,629778,280,3,17,670486,True
15,16,135,17,3966675,68033,75363,501,4042038,68534,2,72047,17168555,228026,5192047,34641,22360602,262667,211,3,14,269344,True
16,17,135,17,4990578,73828,75558,501,5066136,74329,2,78184,12204859,177712,4313059,28623,16517918,206335,196,3,13,207031,True
17,18,135,17,4064614,68643,74687,501,4139301,69144,2,72693,18776678,271738,5283275,35141,24059953,306879,215,3,14,314220,True
18,19,135,17,3871803,67728,76155,506,3947958,68234,2,71724,17695477,243248,5119598,34133,22815075,277381,213,3,14,285995,True
19,20,135,17,3771695,66508,75774,506,3847469,67014,2,70432,20511660,301788,5438826,36145,25950486,337933,217,3,14,347847,True
20,21,135,17,3103524,62543,75106,503,3178630,63046,2,66233,14496190,217647,5050886,33622,19547076,251269,210,3,14,254054,True
21,22,173,11,5774867,85027,76629,507,5851496,85534,4,92909,44448545,555667,3553433,23660,48001978,579327,154,3,11,764203,True
22,23,173,11,3722735,59961,75202,506,3797937,60467,3,65519,47817568,619478,2947543,19657,50765111,639135,143,3,10,853075,True
23,24,173,11,4098800,62377,75528,503,4174328,62880,3,68159,51386791,602880,2873266,19151,54260057,622031,135,3,10,822791,True
24,25,216,19,5716831,107092,75718,507,5792549,107599,2,112768,46788202,618574,6711752,44704,53499954,663278,292,3,17,709672,True
25,26,216,19,4023223,95057,75629,503,4098852,95560,2,100095,56346597,720480,6256103,41729,62602700,762209,292,3,17,821937,True
26,27,216,19,12407284,214577,75277,505,12482561,215082,4,225951,46387664,630795,5883253,39196,52270917,669991,267,3,16,715689,True
27,28,149,11,2676762,40633,75594,501,2752356,41134,2,44399,51457613,633857,3558914,23730,55016527,657587,162,3,11,843088,True
28,29,149,11,2815965,41237,74786,503,2890751,41740,2,45059,29233649,381127,3089530,20637,32323179,401764,128,3,10,546426,True
29,30,149,11,4158063,61320,76746,508,4234809,61828,3,67004,49353596,607065,3108518,20705,52462114,627770,140,3,10,809839,True
30,31,104,15,10771707,151140,78289,513,10849996,151653,4,161328,34902306,442030,5722403,38128,40624709,480158,206,4,13,514728,True
31,32,104,15,7201032,106284,75222,502,7276254,106786,3,113448,39303944,491694,6019946,40156,45323890,531850,213,4,13,570970,True
32,33,104,15,4815855,71040,74437,502,4890292,71542,2,75828,42800498,537183,6098889,40681,48899387,577864,222,4,14,621625,True
33,34,298,13,7588273,111946,76335,505,7664608,112451,3,120682,44530378,565188,3633532,24166,48163910,589354,162,4,11,768190,True
34,35,298,13,2089306,62131,74962,501,2164268,62632,2,66979,35428600,467386,3694247,24655,39122847,492041,157,4,11,651172,True
35,36,298,13,7451945,124861,77564,513,7529509,125374,4,134605,35433124,431068,3092557,20644,38525681,451712,146,4,10,558958,True
36,37,298,13,5703506,99031,75525,502,5779031,99533,3,106759,42417528,537409,3786232,25189,46203760,562598,159,4,11,740963,True
37,38,298,13,6340290,118711,77401,512,6417691,119223,4,127975,36769005,462667,3627747,24159,40396752,486826,155,4,11,639832,True
38,39,298,13,9940963,142696,75851,508,10016814,143204,4,153832,32022404,424441,4157213,27679,36179617,452120,164,4,12,601088,True
39,40,188,12,1579721,37368,74591,501,1654312,37869,2,40501,29029214,348118,3922905,26123,32952119,374241,146,4,11,472814,True
40,41,864,23,27989548,488521,76348,506,28065896,489027,3,509867,45088703,604502,9176148,61209,54264851,665711,374,5,19,694457,True
41,42,864,23,29784234,577176,80297,534,29864531,577710,4,602396,52345942,974638,9122863,60728,61468805,1035366,376,5,19,1062252,True
42,43,864,23,24914967,471266,78021,507,24992988,471773,3,491858,66643179,974032,8590941,57215,75234120,1031247,362,5,18,1087673,True
43,44,234,17,110126,18224,74026,500,184152,18724,1,19295,7758147,105481,4228217,28117,11986364,133598,185,5,12,129363,True
44,45,234,17,110126,18224,74133,500,184259,18724,1,19295,5190927,80045,4225684,28106,9416611,108151,180,5,12,98325,True
45,46,234,17,110126,18224,75082,500,185208,18724,1,19295,8776415,130656,4443639,29616,13220054,160272,189,5,12,157203,True
46,47,120,14,2641400,44323,76011,501,2717411,44824,2,47503,15592972,199467,4370597,29119,19963569,228586,159,5,11,239257,True
47,48,120,14,2088998,40979,76238,508,2165236,41487,2,43919,10606057,137169,3841162,25608,14447219,162777,141,5,10,163916,True
48,49,120,14,3415886,49548,74808,501,3490694,50049,2,53103,11043917,137030,3843765,25601,14887682,162631,140,5,10,162614,True
49,50,728,16,8169486,296504,81870,548,8251356,297052,3,315219,39159867,534944,5507403,36658,44667270,571602,213,5,13,725424,True
50,51,728,16,10653871,313059,76006,505,10729877,313564,3,332819,53880804,676727,6499351,43224,60380155,719951,240,5,14,899740,True
51,52,728,16,6206742,264899,75254,504,6281996,265403,2,281619,43545222,572637,6340074,42244,49885296,614881,230,5,14,764963,True
52,53,832,16,9130489,329915,77044,509,9207533,330424,3,350739,46545741,582611,5510814,36711,52056555,619322,216,5,13,786424,True
53,54,832,16,8873989,329614,75697,507,8949686,330121,3,350419,52346963,668848,5135505,34227,57482468,703075,214,5,13,917894,True
54,55,832,16,12166774,372055,77149,514,12243923,372569,4,395539,41632361,560472,5815735,38710,47448096,599182,229,5,14,762806,True
55,56,156,17,100589,16201,74815,500,175404,16701,1,17153,10414825,146682,5336207,35613,15751032,182295,208,5,14,174379,True
56,57,156,17,100589,16201,73804,500,174393,16701,1,17153,5132706,90687,6614177,44121,11746883,134808,240,5,16,115520,True
57,58,156,17,100589,16201,74636,500,175225,16701,1,17153,5556005,101032,6861475,45626,12417480,146658,248,5,16,127249,True
58,59,1128,17,4634013,243103,74147,501,4708160,243604,2,257449,25691423,327549,6018544,40137,31709967,367686,223,6,14,445178,True
59,60,1128,17,5664677,249813,75795,501,5740472,250314,2,264555,19819709,291300,5864128,39126,25683837,330426,217,6,14,397343,True
60,61,1128,17,8114490,261708,75270,502,8189760,262210,2,277152,24592793,343583,6016413,40148,30609206,383731,229,6,14,464302,True
61,62,4168,14,48719280,1213747,168802,1126,48888082,1214873,8,1308674,264664812,3356280,5961315,39676,270626127,3395956,278,6,12,5019053,True
62,63,468,20,462420,67220,74192,500,536612,67720,1,70580,5598711,123609,5501271,36631,11099982,160240,238,6,15,139446,True
63,64,360,17,2262525,87858,75084,501,2337609,88359,2,93042,8848604,123553,4825275,32117,13673879,155670,187,6,12,147418,True
64,65,360,17,5823523,111953,76524,501,5900047,112454,2,118559,13071570,180865,5510589,36619,18582159,217484,205,6,13,214087,True
65,66,360,17,4483860,104633,75828,502,4559688,105135,2,110807,16398511,223659,5723159,38140,22121670,261799,209,6,13,263214,True
66,67,4168,14,30133253,945938,149232,987,30282485,946925,6,1018508,272614824,3446045,6593263,43895,279208087,3489940,297,6,13,5169422,True
67,68,9536,21,59255292,3167346,84890,559,59340182,3167905,4,3319074,44155655,583474,8975825,59730,53131480,643204,329,9,17,784949,True
68,69,9536,21,60159834,3149310,76328,510,60236162,3149820,4,3300174,53166349,738937,9052816,60239,62219165,799176,326,9,16,957624,True
69,70,2496,23,5958679,710999,75725,500,6034404,711499,1,741911,5268474,142622,9096845,60649,14365319,203271,307,9,16,163004,True
70,71,2496,23,5958679,710999,74616,500,6033295,711499,1,741911,6644694,200923,8058510,53653,14703204,254576,303,9,16,216885,True
71,72,2496,23,5958679,710999,73969,500,6032648,711499,1,741911,10106179,235273,8790189,58649,18896368,293922,304,9,16,254433,True
72,73,13536,24,55983228,4890261,74398,501,56057626,4890762,2,5094361,32122344,588502,9410236,62703,41532580,651205,359,9,18,705434,True
73,74,13536,24,62377364,4930394,79504,524,62456868,4930918,2,5136169,33458261,632959,9865461,65710,43323722,698669,363,9,18,751627,True
74,75,13536,24,62030687,4933988,76521,511,62107208,4934499,2,5139913,32828629,657300,9321173,62186,42149802,719486,372,9,18,791169,True
75,76,21456,25,87165628,6200540,74618,502,87240246,6201042,2,6449628,57977164,1005864,11359318,75809,69336482,1081673,472,9,21,1213118,True
76,77,768,22,12453750,357563,76194,504,12529944,358067,2,373847,27544391,519041,9558672,63705,37103063,582746,352,7,18,574999,True
77,78,768,22,5732767,312618,75073,501,5807840,313119,2,326855,25912745,472838,10595312,70672,36508057,543510,376,7,20,520129,True
78,79,768,22,6673056,323728,75151,504,6748207,324232,2,338471,19591963,362848,9709028,64688,29300991,427536,351,7,18,408413,True
79,80,624,21,712677,98805,75308,500,787985,99305,1,103509,12933737,239043,9496397,63197,22430134,302240,338,7,19,275289,True
80,81,624,21,712677,98805,75858,500,788535,99305,1,103509,8609165,186361,8492339,56656,17101504,243017,313,7,18,213112,True
81,82,624,21,712677,98805,73950,500,786627,99305,1,103509,17052859,366799,7830340,52165,24883199,418964,302,7,17,398503,True
82,83,8336,16,40995901,1266944,134730,899,41130631,1267843,6,1350024,174297252,2307948,5734685,38169,180031937,2346117,293,7,13,3704691,True
83,84,8336,16,42838823,1240175,96053,648,42934876,1240823,6,1323321,192777538,2472130,5668635,37796,198446173,2509926,285,7,12,3953439,True
84,85,8336,16,53266654,1504264,156969,1046,53423623,1505310,7,1606396,169395484,2207417,5675383,37799,175070867,2245216,282,7,13,3131807,True
85,86,624,19,895299,121315,75357,500,970656,121815,1,127699,13454865,218706,5951035,39642,19405900,258348,219,7,13,247196,True
86,87,624,19,895299,121315,75312,500,970611,121815,1,127699,6426287,133701,6998283,46619,13424570,180320,228,7,14,150831,True
87,88,624,19,895299,121315,75076,500,970375,121815,1,127699,3551160,111392,6094757,40608,9645917,152000,208,7,13,119984,True
88,89,720,18,7959205,192002,77013,512,8036218,192514,2,202699,24485093,407551,7230124,48154,31715217,455705,258,7,14,461913,True
89,90,720,18,4935305,180749,75807,502,5011112,181251,2,190819,18588056,282332,7668637,51164,26256693,333496,256,7,15,325456,True
90,91,720,18,6636053,190638,74799,501,6710852,191139,2,201259,17098038,254380,7077936,47140,24175974,301520,241,7,14,294812,True
91,92,10728,24,70649241,4429887,82046,548,70731287,4430435,3,4615323,41963235,729542,10011533,66737,51974768,796279,388,7,19,920241,True
92,93,10728,24,59620185,4318302,75726,507,59695911,4318809,2,4499067,66000904,1108413,9714252,64769,75715156,1173182,419,7,20,1339261,True
93,94,10728,24,74613201,4439562,75203,509,74688404,4440071,3,4625403,44354819,887325,10377809,69233,54732628,956558,390,7,19,1086018,True
94,95,6228,22,36224205,1561163,76088,507,36300293,1561670,3,1632513,69050980,897981,9498112,63288,78549092,961269,414,7,21,1164017,True
95,96,6228,22,38454077,1618051,80187,531,38534264,1618582,4,1692001,56260902,793799,8815129,58737,65076031,852536,384,7,20,1029179,True
96,97,6228,22,39795085,1625162,78116,516,39873201,1625678,4,1699437,39658847,612167,8595904,57206,48254751,669373,365,7,19,764799,True
97,98,1248,23,2801607,355511,74025,500,2875632,356011,1,370967,9477637,217457,10603588,70662,20081225,288119,363,7,19,245466,True
98,99,2384,18,17489931,668646,78547,522,17568478,669168,3,706089,40379388,567692,6557783,43708,46937171,611400,246,7,14,758798,True
99,100,2384,18,10536438,596646,74708,503,10611146,597149,2,630057,54998905,701027,6628806,44228,61627711,745255,255,7,14,916384,True
100,101,2384,18,25337208,739146,80624,537,25417832,739683,4,780537,47298098,604481,6625543,44191,53923641,648672,246,7,14,803171,True
